{
  "timestamp": "2026-03-05T01:45:14.897022",
  "results": {
    "timing": {
      "baseline": [
        {
          "size": 64,
          "avg": 3766.5,
          "std": 312.6821709020199,
          "times": [
            3973.8,
            3775.1,
            3726.4,
            4085.4,
            3271.8
          ]
        },
        {
          "size": 512,
          "avg": 10675.92,
          "std": 318.0673387822146,
          "times": [
            11023.5,
            10951.9,
            10663.4,
            10472.5,
            10268.3
          ]
        }
      ],
      "postgroom": [
        {
          "size": 64,
          "avg": 3759.02,
          "std": 252.06449968212505,
          "times": [
            4014.0,
            3391.0,
            3934.0,
            3625.2,
            3830.9
          ]
        },
        {
          "size": 512,
          "avg": 10648.039999999999,
          "std": 397.4418234157043,
          "times": [
            10997.3,
            10587.4,
            10160.1,
            10395.4,
            11100.0
          ]
        }
      ]
    },
    "uaf_crash": {
      "result": "survived",
      "interpretation": "heap_not_perturbed_or_same_address"
    }
  }
}